INSERT INTO accounts (id, email, first_name, password, created_at, is_admin)
VALUES ('1', 'johndoe@example.com', 'John', '$2b$12$cZL9XOr5BL83MIf75k333eN7djTYEENho1C0UgDLi/Kj1ayt.JG.W', now(), true),
       ('2', 'janedoe@example.com', 'Jane', '$2b$12$cZL9XOr5BL83MIf75k333eN7djTYEENho1C0UgDLi/Kj1ayt.JG.W', now(), true),
       ('3', 'bobsmith@example.com', 'Bob', '$2b$12$cZL9XOr5BL83MIf75k333eN7djTYEENho1C0UgDLi/Kj1ayt.JG.W', now(), true),
       ('4', 'sarahj@example.com', 'Sarah', '$2b$12$cZL9XOr5BL83MIf75k333eN7djTYEENho1C0UgDLi/Kj1ayt.JG.W', now(), true),
       ('5', 'michaelg@example.com', 'Michael', '$2b$12$cZL9XOr5BL83MIf75k333eN7djTYEENho1C0UgDLi/Kj1ayt.JG.W', now(), true),
       ('6', 'amandar2023@example.com', 'Amanda', '$2b$12$cZL9XOr5BL83MIf75k333eN7djTYEENho1C0UgDLi/Kj1ayt.JG.W', now(),
        false),
       ('7', 'davidm2023@example.com', 'David', '$2b$12$cZL9XOr5BL83MIf75k333eN7djTYEENho1C0UgDLi/Kj1ayt.JG.W', now(),
        false),
       ('8', 'oliviaw@example.com', 'Olivia', '$2b$12$cZL9XOr5BL83MIf75k333eN7djTYEENho1C0UgDLi/Kj1ayt.JG.W', now(), false),
       ('9', 'samanthab@example.com', 'Samantha', '$2b$12$cZL9XOr5BL83MIf75k333eN7djTYEENho1C0UgDLi/Kj1ayt.JG.W', now(),
        false),
       ('10', 'kevinp@example.com', 'Kevin', '$2b$12$cZL9XOr5BL83MIf75k333eN7djTYEENho1C0UgDLi/Kj1ayt.JG.W', now(), false),
       ('11', 'jacksonc2023@example.com', 'Jackson', '$2b$12$cZL9XOr5BL83MIf75k333eN7djTYEENho1C0UgDLi/Kj1ayt.JG.W', now(),
        false),
       ('12', 'greg.c@example.com', 'Greg', '$2b$12$cZL9XOr5BL83MIf75k333eN7djTYEENho1C0UgDLi/Kj1ayt.JG.W', now(), false),
       ('13', 'emilyt2023@example.com', 'Emily', '$2b$12$cZL9XOr5BL83MIf75k333eN7djTYEENho1C0UgDLi/Kj1ayt.JG.W', now(),
        false),
       ('14', 'adriana@example.com', 'Adriana', '$2b$12$cZL9XOr5BL83MIf75k333eN7djTYEENho1C0UgDLi/Kj1ayt.JG.W', now(), false),
       ('15', 'jamalr2023@example.com', 'Jamal', '$2b$12$cZL9XOr5BL83MIf75k333eN7djTYEENho1C0UgDLi/Kj1ayt.JG.W', now(),
        false),
       ('16', 'test1@test.com', 'pass1', '$2b$12$cZL9XOr5BL83MIf75k333eN7djTYEENho1C0UgDLi/Kj1ayt.JG.W',
        '2001-12-31 23:59:59', true),
       ('17', 'test2@test.com', 'pass2', '$2b$12$cZL9XOr5BL83MIf75k333eN7djTYEENho1C0UgDLi/Kj1ayt.JG.W',
        '2022-11-22 23:59:59', false),
       ('18', 'test3@test.com', 'pass3', '$2b$12$cZL9XOr5BL83MIf75k333eN7djTYEENho1C0UgDLi/Kj1ayt.JG.W',
        '2022-11-22 23:59:59', false);

INSERT INTO wishlists (id, account_id, name, stock_symbols, timestamp)
VALUES  ('1', '1', 'John 1', '{"AAPL", "TSLA"}', '2001-12-31 23:59:59'),
        ('2', '1', 'John 2', '{"AAPL", "TSLA", "GOOGL"}', '2002-12-31 23:59:59'),
	('3', '2', 'Jane 1', '{}', now()),
	('4', '3', 'Bob''s List', '{"AAPL"}', now()),
	('5', '4', 'Sarah 1', '{"APPL", "MSFT", "AMZN", "C", "MDB"}', '2004-01-28 22:59:58'),
	('6', '5', 'Michael Tech', '{"TSLA", "META"}', now()),
	('7', '6', 'Amanda 1', '{"AMZN"}', '2012-04-20 22:59:58'),
	('8', '6', 'Amanda 2', '{}', now()),
	('9', '7', 'David 1', '{"SNAP", "AMC"}', now()),
	('10', '8', 'Olivia 1', '{"F", "LUMN"}', now()),
	('11', '9', 'Samantha 1', '{"F"}', now()),
	('12', '10', 'Kevin''s List', '{"META", "AAPL", "TSLA", "GOOGL", "MSFT", "AMZN"}', now()),
	('13', '11', 'Jackson 1', '{}', now()),
	('14', '12', 'Greg 1', '{"C"}', now()),
	('15', '13', 'Emily 1', '{"SNAP", "TSLA"}', '2020-12-31 23:59:59'),
	('16', '14', 'Adriana 1', '{"AMC", "INTC"}', now()),
	('17', '15', 'Jamal 1', '{}', now()),
	('18', '16', 'Test1 List', '{"GOOGL", "VALE"}', now()),
        ('19', '17', 'Test2 List', '{"GOOGL", "VALE"}', now()); 

INSERT INTO trending_articles (id, stock_symbols, published_at, article_url, thumbnail_url, timestamp)
VALUES  ('1', '{"AAPL"}', '2022-03-05 12:34:56', 'https://example.com/article/1', 'https://example.com/thumbnail/1', '2023-03-06 12:35:00'),
        ('2', '{"AAPL", "GOOGL", "AMZN"}', '2023-03-04 13:45:12', 'https://example.com/article/2', 'https://example.com/thumbnail/2', '2023-03-06 13:45:15'),
        ('3', '{"TSLA", "NVDA"}', '2023-03-05 18:56:23', 'https://example.com/article/3', 'https://example.com/thumbnail/3', '2023-03-06 14:56:25'),
        ('4', '{"NFLX"}', '2023-03-06 15:27:34', 'https://example.com/article/4', 'https://example.com/thumbnail/4', '2023-03-06 15:27:36'),
        ('5', '{"AAPL", "MSFT"}', '2023-03-06 16:38:45', 'https://example.com/article/5', 'https://example.com/thumbnail/5', now()),
        ('6', '{"NVDA", "AMC", "INTC"}', now(), 'https://example.com/article/6', 'https://example.com/thumbnail/6', now()),
        ('7', '{"AAPL"}', '2023-03-06 08:00:00', 'https://bbc.com/article/7', 'https://bbc.com/thumbnail/7', '2023-03-06 18:00:00'),
        ('8', '{"AAPL", "GOOGL", "NVDA"}', '2023-03-06 11:30:00', 'https://cnn.com/article/8', 'https://cnn.com/thumbnail/8', '2023-03-06 19:30:00'),
        ('9', '{"TSLA"}', '2023-03-06 13:00:00', 'https://example.com/article/9', 'https://example.com/thumbnail/9', '2023-03-06 20:00:00'),
        ('10', '{"AMZN", "GOOGL"}', now(), 'https://example.com/article/10', 'https://example.com/thumbnail/10', now()),
        ('11', '{"TSLA"}', '2023-03-05 09:00:00', 'https://example.com/article/11', 'https://example.com/thumbnail/11', '2023-03-05 18:00:00'),
        ('12', '{"AAPL", "AMZN"}', '2023-03-04 08:30:10', 'https://example.com/article/12', 'https://example.com/thumbnail/12', '2023-03-05 12:25:25'),
        ('13', '{"AMZN"}', '2023-03-04 08:30:10', 'https://example.com/article/13', 'https://example.com/thumbnail/13', now()),
        ('14', '{"C"}', '2023-01-31 10:14:10', 'https://example.com/article/14', 'https://example.com/thumbnail/14', now());

INSERT INTO recommended_articles (id, account_id, stock_symbols, published_at, article_url, thumbnail_url, sentiment_result)
VALUES  ('1', '1', '{"APPL", "TSLA", "GOOGL"}', '2023-03-04 13:45:12', 'https://recexample.com/article/1', 'https://recexample.com/thumbnail/1', 1.0),
        ('2', '1', '{"APPL", "TSLA"}', '2023-03-05 12:00:00', 'https://recexample.com/article/2', 'https://recexample.com/thumbnail/2', -1.0),
        ('3', '3', '{"APPL"}', '2023-03-05 12:00:00', 'https://recexample.com/article/3', 'https://recexample.com/thumbnail/3', -1.0),
        ('4', '4', '{"APPL", "MSFT", "AMZN", "C", "MDB"}', '2023-03-06 08:30:00', 'https://recexample.com/article/4', 'https://recexample.com/thumbnail/4', 0.0),
        ('5', '5', '{"TSLA", "META"}', '2023-03-06 09:20:15', 'https://recexample.com/article/5', 'https://recexample.com/thumbnail/5', 1.0),
        ('6', '6', '{"AMZN"}', '2023-03-03 23:10:15', 'https://recexample.com/article/6', 'https://recexample.com/thumbnail/6', 1.0),
        ('7', '7', '{"SNAP", "AMC"}', '2023-03-05 10:04:02', 'https://recexample.com/article/7', 'https://recexample.com/thumbnail/7', 0.0),
        ('8', '8', '{"F", "LUMN"}', now(), 'https://recexample.com/article/8', 'https://recexample.com/thumbnail/8', -1.0),
        ('9', '9', '{"F"}', now(), 'https://recexample.com/article/9', 'https://recexample.com/thumbnail/9', 0.0),
        ('10', '10', '{"META", "AAPL", "TSLA", "GOOGL", "MSFT", "AMZN"}', now(), 'https://recexample.com/article/9', 'https://recexample.com/thumbnail/9', 1.0),
        ('11', '12', '{"C"}', now(), 'https://recexample.com/article/11', 'https://recexample.com/thumbnail/11', -1.0),
        ('12', '13', '{"SNAP", "TSLA"}', now(), 'https://recexample.com/article/12', 'https://recexample.com/thumbnail/12', 0.0),
        ('13', '14', '{"AMC", "INTC"}', now(), 'https://recexample.com/article/13', 'https://recexample.com/thumbnail/13', 0.0),
        ('14', '16', '{"GOOGL", "VALE"}', now(), 'https://recexample.com/article/14', 'https://recexample.com/thumbnail/14', 0.0),
        ('15', '17', '{"GOOGL", "VALE"}', now(), 'https://recexample.com/article/14', 'https://recexample.com/thumbnail/14', 0.0);

INSERT INTO predictor_models (id, account_id, timestamp, ticker_symbol, days_to_predict, number_of_simulations, start_date, end_date, seed, predicted_history, duration)
VALUES  ('1a', '1', '2023-03-05 10:04:02', 'APPL', 10, 100, '2023-03-05 00:00:00', '2023-03-06 00:00:00', 0, '{154, 154, 154, 153, 154, 155, 154, 154, 154, 154}', 0.009976387023925781),
        ('1b', '1', '2023-03-05 23:10:08', 'TSLA', 15, 100, '2023-02-09 00:00:00', '2023-03-09 00:00:00', 1, '{173, 170, 172, 172, 172, 173, 173, 173, 173, 173, 172, 172, 172, 172, 173}', 0.0089763870239),
        ('3', '3', now(), 'APPL', 20, 1000, '2023-03-04 00:00:00', '2023-03-09 00:00:00', 1, '{154, 154, 154, 153, 154, 155, 154, 154, 154, 154, 154, 155, 154, 154, 154, 153, 153, 153, 152, 151}', 0.009870239),
        ('4', '4', now(), 'MSFT', 10, 1000, '2023-03-04 00:00:00', '2023-03-09 00:00:00', 0, '{249, 248, 249, 248, 248, 247, 249, 248, 248, 248}', 0.009870239),
        ('5', '5', now(), 'META', 15, 100, '2023-03-04 00:00:00', '2023-03-09 00:00:00', 1, '{180, 179, 179, 179, 180, 181, 181, 180, 179, 180, 180, 180, 179, 179, 179}', 0.009870239),
        ('6', '6', now(), 'AMZN', 14, 1000, '2023-03-04 00:00:00', '2023-03-09 00:00:00', 1, '{91, 90, 90 ,90, 89, 88, 90, 91, 90, 90, 89, 89, 81, 90}', 0.009870239),
        ('7a', '7', now(), 'SNAP', 12, 100, '2023-03-04 00:00:00', '2023-03-09 00:00:00', 10, '{10, 11, 11, 10, 11, 10, 11, 11, 11, 10, 10, 10}', 0.001870239),
        ('7b', '7', now(), 'AMC', 12, 100, '2023-03-04 00:00:00', '2023-03-09 00:00:00', 10, '{5, 5, 5, 6, 4, 4, 4, 4, 5, 5, 5, 5}', 0.001870239),
        ('8', '8', now(), 'F', 10, 1000, '2023-03-04 00:00:00', '2023-03-09 00:00:00', 0, '{12, 11, 11, 10, 12, 10, 11, 12, 11, 10, 12, 10}', 0.001839),
        ('9', '14', now(), 'INTC', 15, 100, '2023-03-04 00:00:00', '2023-03-09 00:00:00', 1, '{27, 27, 26, 28, 26, 27, 27, 27, 29, 28, 27, 27, 27, 27, 27}', 0.001870239),
        ('10', '16', now(), 'GOOGL', 10, 1000, '2023-03-04 00:00:00', '2023-03-09 00:00:00', 0, '{91, 90, 90, 93, 92, 92, 92, 90, 91, 90}', 0.001870239);

INSERT INTO blacklist (id, token, account_id, timestamp)
VALUES  ('1', 'eyJhbGciOiJIUzI1NiIsInR5cCI6IkpXVCJ9.eyJlbWFpbCI6InRlc3RAZ21haWwuY29tIiwiZXhwIjoxNjc3NTU2MjY3fQ.tVdQDmU6bYS1Ns_Twcc7qFyAUN-LNCSkda8eapdZNUY', '30', now()),
        ('2', 'eyJhbGciOiJIUzI1NiIsInR5cCI6IkpXVCJ9.eyJlbWFpbCI6InRlc3RAZ21haWwuY29tIiwiZXhwIjoxNjc3NTU2MjY3fQ.tVdQDmU6bYS1Ns_Twcc7qFyAUN-LNCSkda8eapdZNUZ', '31', now()),
        ('3', 'eyJhbGciOiJIUzI1NiIsInR5cCI6IkpXVCJ9.eyJlbWFpbCI6InRlc3RAZ21haWwuY29tIiwiZXhwIjoxNjc3NTU2MjY3fQ.tVdQDmU6bYS1Ns_Twcc7qFyAUN-LNCSkda8eapdZNUA', '32', now()),
        ('4', 'eyJhbGciOiJIUzI1NiIsInR5cCI6IkpXVCJ9.eyJlbWFpbCI6InRlc3RAZ21haWwuY29tIiwiZXhwIjoxNjc3NTU2MjY3fQ.tVdQDmU6bYS1Ns_Twcc7qFyAUN-LNCSkda8eapdZNUB', '33', now()),
        ('5', 'eyJhbGciOiJIUzI1NiIsInR5cCI6IkpXVCJ9.eyJlbWFpbCI6InRlc3RAZ21haWwuY29tIiwiZXhwIjoxNjc3NTU2MjY3fQ.tVdQDmU6bYS1Ns_Twcc7qFyAUN-LNCSkda8eapdZNUC', '34', now()),
        ('6', 'eyJhbGciOiJIUzI1NiIsInR5cCI6IkpXVCJ9.eyJlbWFpbCI6InRlc3RAZ21haWwuY29tIiwiZXhwIjoxNjc3NTU2MjY3fQ.tVdQDmU6bYS1Ns_Twcc7qFyAUN-LNCSkda8eapdZNUD', '35', now()),
        ('7', 'eyJhbGciOiJIUzI1NiIsInR5cCI6IkpXVCJ9.eyJlbWFpbCI6InRlc3RAZ21haWwuY29tIiwiZXhwIjoxNjc3NTU2MjY3fQ.tVdQDmU6bYS1Ns_Twcc7qFyAUN-LNCSkda8eapdZNUE', '36', now()),
        ('8', 'eyJhbGciOiJIUzI1NiIsInR5cCI6IkpXVCJ9.eyJlbWFpbCI6InRlc3RAZ21haWwuY29tIiwiZXhwIjoxNjc3NTU2MjY3fQ.tVdQDmU6bYS1Ns_Twcc7qFyAUN-LNCSkda8eapdZNUF', '37', '2023-03-05 12:25:25'),
        ('9', 'eyJhbGciOiJIUzI1NiIsInR5cCI6IkpXVCJ9.eyJlbWFpbCI6InRlc3RAZ21haWwuY29tIiwiZXhwIjoxNjc3NTU2MjY3fQ.tVdQDmU6bYS1Ns_Twcc7qFyAUN-LNCSkda8eapdZNUG', '38', '2023-03-09 22:30:15'),
        ('10', 'eyJhbGciOiJIUzI1NiIsInR5cCI6IkpXVCJ9.eyJlbWFpbCI6InRlc3RAZ21haWwuY29tIiwiZXhwIjoxNjc3NTU2MjY3fQ.tVdQDmU6bYS1Ns_Twcc7qFyAUN-LNCSkda8eapdZNUH', '39', now());



